"Epic","Feature","Story","FAILED","BROKEN","PASSED","SKIPPED","UNKNOWN"
"UI Automation","Inventory and Products","Product Visibility","0","0","1","0","0"
"UI Automation","Login Tests","Locked Out User Login","0","0","1","0","0"
"UI Automation","Cart Operations","Cart Functionality","1","0","0","0","0"
"UI Automation","General Application Tests","Application Identity","0","0","1","0","0"
"UI Automation","Checkout Process","End-to-End Checkout","1","0","0","0","0"
"UI Automation","General Application Tests","Logout","0","0","1","0","0"
"UI Automation","Login Tests","Invalid User Login","0","0","1","0","0"
"UI Automation","Inventory and Products","Main Page Title","0","0","1","0","0"
"UI Automation","Login Tests","Standard User Login","0","0","1","0","0"
